{
  "sharpe": 0.3714494943517564,
  "params": {
    "alpha": 1.5133925747537367,
    "beta": 1.0542285131550144,
    "pi_lr": 1.2735402416459431e-05,
    "epsilon_low": 0.21429743666940848,
    "epsilon_high": 0.37978705151555986,
    "gamma": 0.9989187989740814,
    "train_pi_iters": 50,
    "num_samples_per_state": 20
  }
}